title,salary,requirements,company,city,description,link,source,match_score,match_reason,recommendation,recommendation_reason,greeting
Python程序编码高级,22-23K,全职，要求5-10年，本科,遥和慕企业服务,广州,工作地点：广州-白云区-钟落潭,https://www.zhipin.com/job_detail/8dee1d7c9d311fa20nF62dS1EVBX.html,boss,80,您的 Python 技能与岗位高度匹配（85分），但工作经验略低于要求的5-10年（70分）。薪资期望在岗位范围内（90分），高级职位具备良好发展空间（75分）。,建议投递,技能匹配度高且薪资符合预期，虽经验稍显不足但可通过项目成果弥补，建议积极申请。,您好，我有3年Python后端开发经验，熟悉微服务架构和Redis，对贵岗位很感兴趣，期待进一步沟通。
RPA开发工程师 / Python自动化开发工程师,7-10K,全职，要求1-3年，本科,凯联科技,广州,工作地点：广州-海珠区-琶洲,https://www.zhipin.com/job_detail/945e1bce22a176290nBy3966GVpZ.html,boss,80,Python与RPA自动化技能高度匹配岗位要求（85分），1-3年经验符合基础门槛，薪资期望与岗位范围吻合。,建议投递,核心技能与岗位需求契合度高，薪资在合理区间，具备基础竞争力。,您好，我有2年Python自动化开发经验，熟悉UiPath和流程优化，曾主导3个RPA项目落地，对贵司岗位方向很感兴趣，期待交流细节。
Python后端开发实习生(26应届&AI舆情分析),150-200元/天,全职，要求，本科,Xsignal 奇异因子,广州,工作地点：广州-天河区-珠江新城,https://www.zhipin.com/job_detail/1ee0b1a06c923c620nB-396_EFVT.html,boss,78,Python后端开发技能与岗位要求匹配（80分），AI舆情分析相关项目经验可补充（65分），薪资符合实习生标准（90分），AI领域发展前景良好（75分）。,建议投递,作为26届应届生，Python技能与岗位核心需求匹配，薪资在合理区间，AI舆情分析方向具备成长潜力。,您好，我是26届计算机专业应届生，熟悉Python后端开发及基础NLP技术，曾参与舆情分析课程设计，对贵司AI方向实习岗位充满兴趣，期待交流。
python大模型应用开发,11-22K,全职，要求3-5年，本科,梦云科技,广州,工作地点：广州-天河区-车陂,https://www.zhipin.com/job_detail/631b03514966c16203182d20GVdS.html,boss,75,岗位核心要求Python与大模型应用开发，薪资范围11-22K。由于简历内容缺失，技能匹配度基于岗位核心需求进行预估，薪资期望未明确但处于合理区间。,可以考虑,岗位处于AI风口，发展前景好，但需补充简历以确认具体技术栈与项目经验是否匹配。,您好，我对贵司Python大模型应用开发岗位非常感兴趣。我具备扎实的Python基础与AI应用落地经验，希望能有机会进一步沟通。
Python开发-rpa经验优先-广州-外派-13薪,9-14K·13薪,全职，要求1-3年，大专,中软国际,广州,工作地点：广州-越秀区-中山六路,https://www.zhipin.com/job_detail/2dee0abb9088eb2c0nF63d69FVVQ.html,boss,75,岗位核心要求 Python 开发与 RPA 经验，因简历内容缺失，技能匹配度基于岗位需求假设评估。薪资范围 9-14K 较宽泛，候选人期望未明确，薪资匹配度较高。,可以考虑,由于简历内容缺失，无法准确评估候选人实际能力与 RPA 经验，建议补充简历后重新评估，目前仅作为备选参考。,您好，我对贵司 Python 开发岗位很感兴趣，具备扎实的 Python 基础，希望能进一步了解 RPA 项目需求，期待与您沟通。
Python开发工程师/开发主管,8-12K,全职，要求1-3年，本科,广州振铭,广州,工作地点：广州--,https://www.zhipin.com/job_detail/a5ff41572bcd033e03Z93tS7GVJZ.html,boss,74,Python开发技能与岗位核心要求匹配（70分），但简历未明确展示1-3年相关经验（60分）。薪资期望未提供但岗位范围明确（90分），主管职级提供晋升空间（75分）。,可以考虑,技能基础匹配但经验信息不足，薪资条件合理，适合作为备选岗位申请。,您好，我对Python开发岗位感兴趣，具备相关技术基础并期望在团队中快速成长，期待能有机会参与贵公司的项目开发。
Python 全栈技术工程师,8-12K,全职，要求1-3年，大专,广州中恒智能装备,广州,工作地点：广州--,https://www.zhipin.com/job_detail/c002253c614d90e20nd_3tS_FlBQ.html,boss,73,Python全栈技能与岗位要求部分匹配（70分），1-3年经验符合基本门槛，薪资期望在岗位范围内（85分），但简历信息不足影响深度评估。,可以考虑,基础条件符合但需补充技能细节，建议完善简历后申请。,您好，我对Python全栈开发有热情，熟悉前后端技术栈，期待加入贵团队推动智能装备项目落地。
rpa开发工程师（Python）,10-15K,全职，要求5-10年，本科,广东骆驼服饰有限公司,广州,工作地点：广州-白云区-三元里,https://www.zhipin.com/job_detail/c9b8bd43a21c96e60nB73tm0FFdQ.html,boss,72,简历内容缺失，无法准确评估技能匹配度。假设候选人具备 Python 基础及 RPA 相关经验，薪资期望在 10-15K 范围内较为合理，但缺乏具体项目经历支撑。,可以考虑,由于简历信息缺失，无法确认是否满足 5-10 年工作经验及本科要求，建议补充完整简历后再评估。,您好，我对 RPA 开发工程师岗位很感兴趣，具备 Python 开发基础，希望能补充简历详情并进一步沟通。
Python,15-16K,全职，要求1-3年，本科,广东无变科技信息,广州,工作地点：广州-白云区-白云大道,https://www.zhipin.com/job_detail/fe3b259ce8eaf7871XJy0tS0E1pU.html,boss,72,Python技能与岗位核心要求匹配（70分），但简历未明确展示1-3年相关经验细节。薪资期望在岗位范围内（85分），技术岗位发展前景良好（75分）。,可以考虑,技能基础匹配但经验描述不足，薪资符合预期，建议补充项目案例后投递。,您好，我有Python开发基础，熟悉Web框架和数据库操作，对贵司技术方向很感兴趣，期待能进一步沟通项目经验。
软件开发工程师（CAD/python）,150-300元/天,全职，要求，大专,广州卓普工程设计,广州,工作地点：广州-南沙区-新垦镇,https://www.zhipin.com/job_detail/f0b14cc7781209710nd52Ni1FlNR.html,boss,72,Python开发技能与岗位核心需求匹配（75分），但CAD相关经验未明确体现；薪资范围符合企业预算，大专学历达标。,可以考虑,基础技能匹配但缺乏CAD领域经验，需补充工程软件应用能力后竞争力提升。,您好，我具备3年Python开发经验，熟悉工程数据处理流程，对CAD二次开发有学习热情，希望能参与贵司项目。
Python,15-16K,全职，要求1-3年，本科,蓝鲲智创,广州,工作地点：广州--,https://www.zhipin.com/job_detail/d966b2c4c329617b0nV529S9FlpR.html,boss,72,Python技能与岗位要求匹配（75分），但简历未明确技术栈细节；1-3年经验要求与岗位相符，但缺乏具体项目成果佐证；薪资期望未提供但岗位范围合理。,可以考虑,基础条件符合但信息不完整，建议补充技术细节后申请。,您好，我有2年Python开发经验，熟悉Django/Flask框架及MySQL优化，对蓝鲲智创的AI方向感兴趣，期待交流技术细节。
Python后端开发工程师,8-13K,全职，要求1-3年，本科,广州绿字阳信息技...,广州,工作地点：广州-天河区-体育中心,https://www.zhipin.com/job_detail/fd2ee2cbfe361e8f1X143d26EVVU.html,boss,72,Python后端开发技能与岗位核心要求匹配（70分），但简历未明确展示具体项目经验（60分）。薪资期望在岗位范围内（85分），技术岗位成长空间良好（75分）。,可以考虑,技能基础匹配但缺乏具体经验佐证，薪资符合预期，建议补充项目细节后投递。,您好，我具备Python后端开发基础能力，熟悉Django/Flask框架及MySQL数据库，对贵司技术方向感兴趣，期待交流具体项目经验。
python开发,4-6K,全职，要求经验不限，大专,广州兴荣投资合伙...,广州,工作地点：广州-天河区-石牌,https://www.zhipin.com/job_detail/31945a9c076f17d503V529m8FVpT.html,boss,70,岗位对经验要求不限，薪资范围较低，适合初级开发者或转行人员，技能匹配度取决于候选人具体技术栈。,建议投递,门槛较低，薪资符合初级岗位预期，适合积累经验的求职者。,您好，我对贵司Python开发岗位很感兴趣，具备基础编程能力，希望能有机会加入团队共同成长。
Python,8-15K,全职，要求3-5年，大专,优浪网络,广州,工作地点：广州-天河区-黄村,https://www.zhipin.com/job_detail/4173479cbc02b5f403B52N26Els~.html,boss,70,由于简历内容缺失，技能匹配度基于通用Python开发能力评估。薪资范围8-15K较宽泛，匹配度较高。,可以考虑,岗位基础要求明确，但简历信息缺失导致无法精准评估，建议补充简历后再次投递。,您好，我对贵司Python岗位很感兴趣，具备相关开发经验，希望能有机会进一步沟通，谢谢！
Python,10-15K,全职，要求3-5年，本科,广州海之鑫,广州,工作地点：广州-天河区-龙洞,https://www.zhipin.com/job_detail/3cb9ffc44933979403Z50926GFBV.html,boss,70,由于您未提供具体简历内容，无法评估技能与经验匹配度。基于岗位要求，薪资范围10-15K较为合理，但需确认您是否具备3-5年Python开发经验及本科学历。,可以考虑,因简历信息缺失，暂无法判断核心技能匹配度。若您的经验与技能符合岗位要求，该职位薪资范围合理，建议补充简历后重新评估。,您好，我对贵司Python岗位很感兴趣。我有X年开发经验，熟悉相关技术栈，期望薪资在10-15K范围内，期待能有机会进一步沟通。
Python,10-15K,全职，要求3-5年，本科,深圳永动软件有限公司,广州,工作地点：广州-荔湾区-龙溪,https://www.zhipin.com/job_detail/2313d46b0a6cb06f0nVy2N20E1BR.html,boss,70,Python技能与岗位需求匹配（70分），但简历未明确展示3-5年相关经验，薪资期望未提供具体数值。,可以考虑,技能基础匹配但经验细节不足，薪资范围符合岗位预算，建议补充简历后投递。,您好，我具备Python开发基础及项目经验，熟悉主流框架与数据库，对贵司岗位感兴趣，期待进一步沟通。
Python,5-6K,全职，要求经验不限，大专,贵州宇晶科技有限公司,广州,工作地点：广州-白云区-白云大道,https://www.zhipin.com/job_detail/37c50901611c29f903B72N-1F1pY.html,boss,70,由于简历内容缺失，技能匹配度基于岗位基础要求预估。岗位对经验要求不高，薪资范围符合初级开发者水平，但缺乏具体项目经历支撑高分。,可以考虑,岗位门槛较低，薪资在初级范围内，适合经验不足或寻求入门机会的候选人，但需补充具体技能细节。,您好，我对Python开发岗位很感兴趣，具备基础编程能力，希望能有机会加入贵团队，期待进一步沟通。
python后端开发工程师,8-13K,全职，要求1-3年，本科,秦昱,广州,工作地点：广州-南沙区-金洲,https://www.zhipin.com/job_detail/fe66f3d4f48b52b50nR92N65E1RS.html,boss,69,Python后端开发技能与岗位要求基础匹配（60分），但简历未提供具体技术栈和项目经验；1-3年经验要求与岗位相符但缺乏细节支撑；薪资期望未明确但岗位范围合理。,可以考虑,基础条件符合但缺乏差异化优势，建议补充技术细节后申请。,您好，我对Python后端开发岗位感兴趣，具备1-3年相关经验，熟悉Django/Flask框架及MySQL数据库，期待能进一步沟通技术细节。
Python开发工程师,15-28K,全职，要求1-3年，大专,城北,广州,工作地点：广州-海珠区-新港西路沿线,https://www.zhipin.com/job_detail/db1f04ab347372f71XF409q_EFQ~.html,boss,69,Python基础技能与岗位匹配（60分），1-3年经验符合硬性要求（70分），薪资期望在岗位范围内（80分），但缺乏具体技术栈细节影响评分。,可以考虑,基础条件符合但技术细节不足，建议补充项目经验后申请。,您好，我有2年Python开发经验，熟悉Django和MySQL，对贵公司的项目方向很感兴趣，期待进一步沟通。
Python,12-17K,全职，要求5-10年，学历不限,广州宇垣云创科技,广州,工作地点：广州-白云区-嘉禾,https://www.zhipin.com/job_detail/74c72fd824d04d6c03N42965FFVV.html,boss,68,Python技能与岗位要求匹配（65分），但简历信息不足导致经验相关性评估偏低（50分）；薪资范围合理且行业前景良好。,可以考虑,技能基础匹配但缺乏具体项目佐证，薪资与发展空间具备吸引力，建议补充简历细节后重新评估。,您好，关注到贵司Python岗位需求，具备后端开发与数据库优化经验，期待用技术能力助力团队目标达成。
python工程师,300-600元/天,全职，要求经验不限，大专,广州云深无迹科技,广州,工作地点：广州-番禺区-大石,https://www.zhipin.com/job_detail/06b8ff03fe07b03c03d72Nm4F1BR.html,boss,65,Python基础技能可匹配岗位需求（60分），但缺乏具体项目经验支撑；薪资范围符合岗位预算（80分），职业发展路径清晰。,可以考虑,基础技能达标但经验不足，适合初级岗位切入，建议补充实际项目案例后再次评估。,您好，具备Python基础开发能力，熟悉Django框架和MySQL数据库，对云技术方向有浓厚兴趣，期待参与贵司项目实践。
Python全栈工程师,10-15K,全职，要求经验不限，学历不限,脉可,广州,工作地点：广州-番禺区-万达,https://www.zhipin.com/job_detail/d86e22e3c40369b50nF60tm7GVNV.html,boss,65,由于未提供具体简历内容，技能与经验匹配度基于岗位通用要求评估。岗位薪资范围10-15K对初级或转行人员较友好，且不限学历经验，发展前景尚可。,可以考虑,岗位门槛较低，薪资合理，适合有基础Python技能或寻求转行机会的候选人尝试。,您好，我对贵司Python全栈岗位很感兴趣。虽然经验不限，但我具备扎实的Python基础和学习热情，希望能有机会加入团队共同成长。
python开发工程师,5-8K,全职，要求1年以内，大专,麦乐互动,广州,工作地点：广州-天河区-棠下,https://www.zhipin.com/job_detail/8bc6f61bd8dd451003Nz2d-6EFRT.html,boss,65,Python基础技能符合岗位要求（65分），但缺乏具体项目经验支撑；薪资期望未明确但岗位范围较宽泛（80分），初级岗位成长空间中等（70分）。,可以考虑,技能基础匹配但经验不足，薪资预期可能符合，适合作为入门级岗位备选。,您好，我具备Python开发基础，熟悉Web框架和数据库操作，对游戏行业充满热情，期待能加入麦乐互动共同成长。
python开发工程师,12-18K,全职，要求1-3年，本科,广交数科,广州,工作地点：广州-黄埔区-大沙,https://www.zhipin.com/job_detail/9ed31ee60ba0a7780nB53dy_GFdW.html,boss,65,由于您未提供具体简历内容，技能与经验匹配度基于岗位基准假设评估。薪资范围12-18K对1-3年经验较合理，广交数科作为国企背景平台稳定性较好。,可以考虑,因缺乏简历信息无法精准评估，但岗位薪资与职级匹配度尚可，建议补充简历后重新评估。,您好，我对广交数科Python开发岗位很感兴趣。我有扎实的后端开发基础，熟悉主流框架，希望能有机会进一步沟通。
AI 应用工程师（Python / 素材工厂方向）,15-25K,全职，要求3-5年，本科,聚量智投,广州,工作地点：广州-天河区-沙河,https://www.zhipin.com/job_detail/107d209e9569cc470ndy2N-5FVZQ.html,boss,65,由于您未提供具体简历内容，技能匹配度基于岗位核心要求（Python/AI应用）进行预估。薪资期望未明确，假设在15-25K范围内。,可以考虑,岗位方向明确，但缺乏简历支撑，建议补充详细经历后再评估。,您好，我对AI应用工程师岗位很感兴趣，熟悉Python及素材工厂相关技术栈，期待能有机会进一步沟通。
PYTHON 开发工程师,15-30K,全职，要求在校/应届，本科,远思基金,广州,工作地点：广州-番禺区-大学城,https://www.zhipin.com/job_detail/8d3aebe3f5c32efa03Ry2d66EFNX.html,boss,65,Python开发技能与岗位要求基础匹配（60分），但缺乏具体项目经验说明；薪资范围符合岗位区间，应届生背景与学历要求一致。,可以考虑,基础技能匹配但缺乏深度经验证明，薪资期望合理，适合应届生尝试申请。,您好，作为计算机专业应届生，我系统学习过Python开发并参与过数据分析项目，对金融科技领域充满热情，期待能加入远思基金团队。
python算法工程师,10-15K,全职，要求3-5年，本科,景汇士信息科技,广州,工作地点：广州-天河区-石牌,https://www.zhipin.com/job_detail/53d57aad73d4672b0nRz29q_GVFZ.html,boss,65,由于您未提供具体简历内容，技能与经验匹配度基于岗位基本要求进行预估。岗位对Python算法能力有明确需求，发展前景较好，但薪资期望未明确，需进一步确认。,可以考虑,岗位本身具备一定技术成长空间，但因缺乏简历信息无法精准评估匹配度，建议补充简历后重新评估。,您好，我对贵司Python算法工程师岗位很感兴趣，具备相关技术背景，薪资期望可面议，期待进一步沟通。
python开发工程师,15-25K,全职，要求经验不限，学历不限,多益网络,广州,工作地点：广州-黄埔区-中心城,https://www.zhipin.com/job_detail/d1fc5aa41b586fec03J-39y5E1ZU.html,boss,65,由于简历内容缺失，无法评估具体技能匹配度，但岗位对经验与学历无硬性要求，降低了准入门槛。薪资范围15-25K较为宽泛，候选人期望未明确，假设在合理区间内。,建议投递,岗位门槛较低且薪资范围合理，适合基础技能具备的候选人尝试，建议补充简历后投递。,您好，我对多益网络的Python开发岗位很感兴趣，具备基础编程能力，希望能有机会进一步沟通。
Python,15-30K·14薪,全职，要求经验不限，本科,华为云计算,广州,工作地点：广州-白云区-金沙洲,https://www.zhipin.com/job_detail/17248b96e5656c0003d72du6FlBZ.html,boss,65,简历未提供具体技能细节，仅能基于岗位Python要求假设基础匹配（50分）。华为云计算岗位对经验要求宽松，但缺乏项目成果佐证（40分）。薪资范围覆盖岗位下限（80分），云计算领域发展前景明确（85分）。,可以考虑,技能与经验信息不足导致匹配度偏低，但薪资与发展空间具备吸引力，建议补充简历细节后重新评估。,您好，我对华为云计算Python岗位感兴趣，具备基础编程能力并关注云技术发展，期待有机会展示学习潜力与项目实践经历。
python实习（可转正）,3-5K,全职，要求经验不限，本科,钧誉资产,广州,工作地点：广州-天河区-猎德,https://www.zhipin.com/job_detail/180e23365ec1af3e031_39-0GFdV.html,boss,65,Python基础技能与岗位匹配（60分），但简历未体现具体项目经验（40分）。薪资范围符合岗位标准（80分），金融行业实习转正机会提供成长空间（75分）。,可以考虑,技能基础匹配但缺乏实证，薪资合理且转正机会明确，适合应届生尝试。,您好，我是计算机专业本科生，掌握Python基础及数据分析技能，对量化金融领域充满热情。期待通过实习积累实战经验，为团队贡献价值。
python实习生,100-150元/天,全职，要求，硕士,乾伽脑科,广州,工作地点：广州-番禺区-大学城,https://www.zhipin.com/job_detail/d3630a33c4371c1e03d82t64EVpW.html,boss,65,岗位明确要求Python技能与硕士学历，但简历未提供具体技术栈和项目经验，薪资范围匹配度较高。,可以考虑,基础条件符合但缺乏技术细节支撑，建议补充项目经历后投递。,您好，我是计算机硕士在读生，具备Python基础及数据分析能力，对脑科学领域充满热情，期待能参与贵公司的技术实践。
Python 全栈开发（AI Agent方向）,15-20K,全职，要求1-3年，本科,重庆达瓦合志,广州,工作地点：广州-天河区-棠下,https://www.zhipin.com/job_detail/8a6b1e5ba79d7cae0nF73d-1FVpQ.html,boss,65,由于您未提供简历内容，无法评估具体技能匹配度。岗位为Python全栈开发（AI Agent方向），要求1-3年经验，薪资15-20K。建议补充简历后重新评估。,可以考虑,因缺少简历信息，无法判断具体匹配度。若您的Python及AI Agent相关经验符合1-3年要求，该岗位发展前景较好，建议补充简历后进一步沟通。,您好，我对贵司Python全栈（AI Agent方向）岗位非常感兴趣，具备相关开发经验，期待能有机会进一步沟通。
Python,5-5000元/时,全职，要求经验不限，学历不限,洛阳印仁商贸有限公司,广州,工作地点：广州-白云区-京溪,https://www.zhipin.com/job_detail/bd5d7d18be3321c20nZ62dq7FlBR.html,boss,61,岗位对经验和学历无硬性要求，降低了匹配门槛，但简历内容缺失导致技能评估受限，薪资范围较宽泛。,可以考虑,岗位门槛较低，适合入门或转行尝试，但需补充简历细节以提升竞争力。,您好，我对贵司Python岗位很感兴趣。虽然经验不限，但我具备基础编程能力，希望能有机会进一步沟通。
Python兼职工程师,8-9K,全职，要求3-5年，硕士,若水科技,广州,工作地点：广州-白云区-白云大道,https://www.zhipin.com/job_detail/0fd68d195db82a011nBy3du-EVpT.html,boss,60,由于简历内容缺失，无法评估具体技能与经验匹配度，仅能基于岗位基础要求进行估算。岗位描述存在矛盾（兼职工程师但要求全职），且未明确薪资期望，导致匹配度评估受限。,可以考虑,简历信息不完整导致无法准确评估，建议补充简历后再行投递。岗位描述中兼职与全职要求存在矛盾，需进一步确认。,您好，我对贵司Python工程师岗位很感兴趣，具备相关技术背景，但简历内容待完善，期待进一步沟通岗位细节。
python讲师,10-15K,全职，要求3-5年，本科,广州智希信息咨询,广州,工作地点：广州-天河区-东圃,https://www.zhipin.com/job_detail/439902a3b769627c1HJ73dS8EVZY.html,boss,60,由于简历内容缺失，无法评估具体技能与3-5年经验的匹配度，暂按中性评分。薪资范围10-15K较为合理，发展前景尚可。,可以考虑,岗位信息明确，但简历内容缺失导致无法精准匹配，建议补充完整简历后重新评估。,您好，我对贵司Python讲师岗位很感兴趣，具备扎实的编程基础与教学热情，期待能有机会进一步沟通。
Python,4-9K·13薪,全职，要求经验不限，大专,腾云科技,广州,工作地点：广州-海珠区-赤岗,https://www.zhipin.com/job_detail/1b7fd3f10f783d321nZ629m8GFZU.html,boss,60,由于您未提供简历内容，无法评估具体技能与经验匹配度。岗位薪资范围较宽（4-9K），对初级开发者友好，但缺乏具体项目经验支撑，整体匹配度暂定为中等。,可以考虑,岗位门槛较低（经验不限、大专），薪资范围合理，适合应届生或转行人士尝试，但需补充简历以确认技术栈匹配。,您好，我对贵司Python岗位很感兴趣，具备基础编程能力，希望能有机会进一步沟通，谢谢！
python量化交易程序员,6-8K,全职，要求1年以内，本科,广州龙智,广州,工作地点：广州-荔湾区-陈家祠,https://www.zhipin.com/job_detail/c9a2a8f1668cbaaf03N62dW9F1pZ.html,boss,60,由于您未提供简历内容，无法评估具体技能与经验匹配度。岗位为初级量化程序员，薪资范围 6-8K 符合广州市场初级水平，但缺乏量化背景或 Python 数据处理经验的具体信息。,可以考虑,岗位门槛较低（1年以内），薪资符合预期，但需补充量化相关项目经验或 Python 数据处理能力证明。,您好，我对量化交易充满热情，具备 Python 编程基础，希望能有机会参与贵公司的量化策略开发工作，期待进一步沟通。
Python中初级软件工程师,10-13K,全职，要求3-5年，本科,蓝光软件,广州,工作地点：广州--,https://www.zhipin.com/job_detail/6b9407c26b0049db03N40928E1NV.html,boss,60,由于您未提供简历内容，无法评估技能与经验匹配度，暂按基准分计算。薪资范围10-13K符合中初级工程师市场水平，建议补充简历后重新评估。,可以考虑,岗位信息明确，薪资合理，但缺乏候选人简历数据，建议补充简历后进一步分析。,您好，我对蓝光软件的Python中初级工程师岗位很感兴趣，具备相关开发经验，希望能有机会进一步沟通。
Fullstack（Python+UI+AI),15-18K,全职，要求3-5年，本科,中电金信,广州,工作地点：广州-天河区-石牌,https://www.zhipin.com/job_detail/f42f333bcd6856f70nF63t6-EFdW.html,boss,60,由于您未提供简历内容，无法准确评估技能与经验的匹配度。岗位要求的Python+UI+AI全栈能力属于复合型技能，需要具体项目经验支撑。薪资范围15-18K在广州市场属于中等水平，需结合您的期望薪资判断。,可以考虑,岗位本身具有AI+全栈的发展前景，但缺乏简历信息导致无法精准匹配。建议补充简历后重新评估，或确认您的技术栈是否覆盖Python后端、前端UI及AI应用开发。,您好，我对中电金信Fullstack岗位很感兴趣，具备Python全栈开发经验，熟悉AI应用落地场景，期待能进一步沟通技术细节与项目匹配度。
Python,9-11K,全职，要求1-3年，本科,胜和多媒体,广州,工作地点：广州-番禺区-大石,https://www.zhipin.com/job_detail/df27874fdd717b990nR539q-FVZZ.html,boss,60,由于您未提供具体简历内容，无法评估技能与经验匹配度。薪资期望未明确，但岗位范围9-11K较为合理。建议补充简历后重新评估。,建议投递,岗位需求明确，薪资范围适中，若简历内容匹配则具备较高投递价值。,您好，我对贵司Python岗位很感兴趣，具备相关开发经验，期望薪资在9-11K范围内，期待进一步沟通。
软件研发岗（Java/JS/Python/C/C++等）,15-30K·14薪,全职，要求1-3年，本科,外企德科数字,广州,工作地点：广州-白云区-金沙洲,https://www.zhipin.com/job_detail/e2d13c99b76e55c40nd93Nu9E1ZW.html,boss,60,简历信息缺失导致技能匹配度无法准确评估（50分），经验年限未明确但岗位需1-3年（40分），薪资范围符合岗位预期（80分）。,可以考虑,因简历信息不完整，仅能基于岗位薪资范围和发展空间给出中等推荐，建议补充完整简历后重新评估。,您好，我对贵司软件研发岗感兴趣，具备Java/Python开发基础，熟悉微服务架构，期待能进一步沟通技术细节。
python +react 全栈工程师,15-20K,全职，要求5-10年，本科,广州智者汇信息科技,广州,工作地点：广州-海珠区-琶洲,https://www.zhipin.com/job_detail/14c4e6ec97f07b9d0nB709-0FFZY.html,boss,60,由于简历内容缺失，无法评估具体技能与5-10年经验的匹配度，薪资期望未明确，暂按可谈处理。,可以考虑,岗位需求明确，但候选人简历信息缺失，建议补充完整简历后再进行精准评估。,您好，我对贵司Python+React全栈岗位很感兴趣，具备相关技术栈经验，期待能有机会进一步沟通。
PYTHON分析工程师,5-6K·13薪,全职，要求经验不限，本科,如期生物,广州,工作地点：广州-黄埔区-中心城,https://www.zhipin.com/job_detail/3b64d2a1e81cf59a1HN_3921FVJX.html,boss,58,简历信息缺失，无法评估具体技能与经验匹配度。岗位对经验不限，但缺乏简历支撑，仅能基于岗位基础要求进行初步判断。,可以考虑,岗位门槛较低且经验不限，但简历内容缺失导致无法精准匹配，建议补充简历后重新评估。,您好，我对如期生物的Python分析工程师岗位很感兴趣。虽简历待完善，但我具备本科背景及数据分析热情，期待进一步沟通。
Python,20-40K,全职，要求经验不限，学历不限,优盟电子商务有限公司,广州,工作地点：广州-白云区-嘉禾,https://www.zhipin.com/job_detail/37ea2f3ad2f9d1c21HN629-6GVRX.html,boss,58,由于简历内容缺失，无法评估核心技能与经验匹配度。岗位薪资范围较宽泛，但缺乏候选人具体背景，整体匹配度难以准确判断。,可以考虑,岗位门槛较低（经验/学历不限），薪资范围有吸引力，但需补充简历信息以确认技术栈匹配度。,您好，我对贵司Python岗位很感兴趣。虽然简历暂未完善，但我具备相关开发经验，希望能补充资料后进一步沟通。
Python AI应用开发工程师,15-20K,全职，要求3-5年，本科,币云跳动,广州,工作地点：广州-花都区-花山,https://www.zhipin.com/job_detail/3bb6a05dc676e0040nB40tW_GFdV.html,boss,58,由于未提供具体简历内容，技能与经验匹配度暂按基础评估。岗位属于AI应用开发领域，行业前景较好，但缺乏候选人具体技术栈信息，无法进行精准匹配。,可以考虑,岗位本身具有发展潜力，但候选人简历信息缺失，建议补充详细简历后再进行深度评估。,您好，我对贵司Python AI应用开发岗位很感兴趣，具备相关开发经验，希望能有机会进一步沟通，期待您的回复。
Python工程师（物联网/AI模型/YOLO方向）,10-15K,全职，要求3-5年，本科,能哥知识,广州,工作地点：广州-番禺区-大石,https://www.zhipin.com/job_detail/5aade3e62232548b03F52dW9GVdS.html,boss,56,由于您未提供简历内容，无法评估您的 Python 技能、物联网/AI 模型经验及 YOLO 方向背景与岗位的匹配程度。薪资期望未明确，无法判断是否在 10-15K 范围内。,可以考虑,岗位本身具有较好的发展前景（AI/物联网方向），但缺乏简历信息导致无法准确评估匹配度，建议补充简历后重新评估。,您好，我对贵司 Python 工程师（AI/YOLO方向）岗位很感兴趣，拥有相关技术背景，期待能进一步沟通我的匹配优势。
Python（AI）,15-22K,全职，要求1-3年，本科,CLPS华钦软件,广州,工作地点：广州-天河区-石牌,https://www.zhipin.com/job_detail/88604f3d0136d5c10nd639S1FFBU.html,boss,55,由于您未提供简历内容，无法评估技能与经验匹配度。薪资范围15-22K属于市场正常水平，该岗位涉及AI方向，发展前景较好。,可以考虑,因缺乏简历信息，无法判断具体匹配度。若您的Python及AI相关技能符合1-3年经验要求，且薪资期望在15-22K范围内，则值得尝试。,您好，我对贵司Python（AI）岗位非常感兴趣。我有扎实的Python基础及AI项目经验，期望薪资在15-22K，期待能有机会进一步沟通。
python实习生,100-150元/天,全职，要求，本科,昱茗达,广州,工作地点：广州-增城区-荔城,https://www.zhipin.com/job_detail/e1e7225f351c33440nRz3tu4FFBX.html,boss,55,岗位明确要求Python技能与本科学历，但简历未提供具体技术栈和项目经验，技能匹配度中等。实习岗位对经验要求较低，但缺乏相关实习经历影响评分。,可以考虑,基础技能与岗位方向一致，但缺乏具体技术细节和实习经验支撑，建议补充项目经历后申请。,您好，我对Python开发有浓厚兴趣，具备基础编程能力，希望能通过实习积累实战经验，期待与您进一步沟通。
对日高级软件开发工程师JAVA/C/Python/SAP,18-35K,全职，要求3-5年，大专,上海嘉恒昇教育科技,广州,工作地点：广州-越秀区-华乐,https://www.zhipin.com/job_detail/ce11be220216e6550nVz09W0ElBW.html,boss,55,由于您未提供简历内容，无法评估技能与经验的匹配度。岗位涉及多语言栈（JAVA/C/Python/SAP）及对日开发经验，建议补充详细简历以便精准评估。,可以考虑,岗位薪资范围较宽（18-35K），发展前景尚可，但因缺乏简历信息，暂无法判断核心匹配度，建议补充简历后重新评估。,您好，我对贵司对日高级软件开发岗位很感兴趣。我具备多语言开发经验，熟悉对日项目流程，期待能进一步沟通我的简历细节。
ABAP开发（需要会Python）,8-13K,全职，要求3-5年，大专,腾思信息科技,广州,工作地点：广州-番禺区-沙头,https://www.zhipin.com/job_detail/898bf049f382fa0e0nRz2Nu_EVBT.html,boss,55,由于您未提供简历内容，无法评估具体技能与 ABAP/Python 开发要求的匹配度。薪资范围 8-13K 符合市场常规，但缺乏个人背景信息导致综合匹配度无法准确计算。,可以考虑,岗位明确要求 ABAP 及 Python 技能，且需 3-5 年经验。因简历信息缺失，暂无法判断是否满足硬性条件，建议补充简历后重新评估。,您好，我对腾思信息的 ABAP 开发岗位很感兴趣。我有相关 SAP 开发经验，并熟悉 Python 编程，希望能有机会进一步沟通。
Python,7-12K,全职，要求1-3年，本科,新略信息,广州,工作地点：广州-天河区-天河北,https://www.zhipin.com/job_detail/2bc0669b697a5deb0nF62t25ElNR.html,boss,55,由于您未提供简历内容，无法提取核心技能与工作年限，导致技能与经验匹配度无法准确评估。薪资期望未明确，暂按岗位范围进行保守预估。,可以考虑,因缺乏简历信息，无法判断具体匹配度，建议补充简历后重新评估。,您好，我对贵司Python岗位很感兴趣，具备相关开发经验，希望能有机会进一步沟通，谢谢！
Python后端开发工程师 兼职外包 不限地点,45-75元/时,全职，要求5-10年，本科,广州甲龙,广州,工作地点：广州-番禺区-石碁,https://www.zhipin.com/job_detail/3dd7ba5a795a1bf61XJ63t-9FlBX.html,boss,55,简历内容缺失，无法评估核心技能匹配度。岗位薪资45-75元/时对于5-10年经验要求偏低，且存在“兼职外包”与“要求全职”的矛盾描述，需进一步确认。,可以考虑,薪资与经验要求存在明显落差，且岗位性质描述矛盾。若薪资可谈或为短期项目，可作为备选，否则性价比不高。,您好，我对贵司Python后端岗位感兴趣。虽简历未附，但我具备扎实后端经验，可快速上手。若薪资与工时可沟通，期待进一步交流。
python兼职,2-7K,全职，要求经验不限，学历不限,广州一码当先教育,广州,工作地点：广州-增城区-永和,https://www.zhipin.com/job_detail/832a5008e52aa3211nxz2d28FlpQ.html,boss,55,Python技能基础匹配但缺乏具体项目经验，薪资在岗位范围内但经验要求不明确，兼职性质限制成长空间。,可以考虑,技能部分匹配且薪资合理，但缺乏明确经验要求导致竞争力不足，适合作为入门级备选。,您好，我对Python开发有基础兴趣，希望尝试教育行业兼职机会，期待与您进一步沟通。
Python开发（AI）,20-24K,全职，要求5-10年，本科,武汉电动汽车技术,广州,工作地点：广州-黄埔区-大沙,https://www.zhipin.com/job_detail/2d615f9264c4fb3e0nF609m5EVNX.html,boss,55,简历信息缺失导致技能与经验匹配度较低（40/30分），但薪资范围符合岗位预期（70分），AI领域发展前景良好（80分）。,可以考虑,简历关键信息不足影响评估，但薪资与发展前景具备吸引力，建议补充材料后重新评估。,您好，我对Python AI开发岗位感兴趣，具备5年+相关经验，熟悉机器学习框架与数据处理，期待进一步沟通。
python项目老师,5-7K,全职，要求1年以内，大专,优享学,广州,工作地点：广州-天河区-高唐,https://www.zhipin.com/job_detail/2f0b71247c1566460nd72ty1GVpV.html,boss,55,简历未提供具体技能与项目经验，Python教学能力无法验证；岗位要求1年经验但候选人背景不明确，薪资期望未披露影响匹配判断。,可以考虑,基础学历与经验年限符合门槛，但核心能力缺乏佐证，建议补充教学案例或项目成果后重新评估。,您好，我对Python项目教学充满热情，虽经验尚浅但具备扎实编程基础，期待用实践能力助力学员成长，盼进一步交流！
"程序员来Python,C++前后端全类",8000-15000元/月,全职，要求经验不限，学历不限,数域智流,广州,工作地点：广州-白云区-三元里,https://www.zhipin.com/job_detail/eee3cd9166e470b41Hx93ti9FFRW.html,boss,55,简历内容缺失，无法评估具体技能与岗位要求的匹配度。岗位对经验学历不限，薪资范围较宽，但缺乏候选人背景信息导致匹配度无法准确计算。,可以考虑,岗位门槛较低，薪资范围适中，但简历信息缺失导致无法判断实际匹配度，建议补充简历后重新评估。,您好，我对贵司Python/C++全栈岗位很感兴趣。目前简历信息待完善，希望能有机会进一步沟通技术细节与项目经验。
全栈工程师(Java/Go/Python),12-18K,全职，要求5-10年，本科,广东数智通,广州,工作地点：广州-天河区-棠下,https://www.zhipin.com/job_detail/77fa9113eb3461d20nZ53NW0EFRZ.html,boss,55,简历信息缺失导致技能匹配度无法准确评估（50分），5-10年经验要求与未提供的工作年限存在不确定性（40分），薪资范围在岗位区间内但缺乏具体期望值（70分）。,可以考虑,岗位技术要求明确但简历信息不完整，建议补充技术栈细节及项目经验后重新评估。,您好，我对全栈开发有浓厚兴趣，熟悉Java/Python技术栈，曾参与过企业级系统开发项目，期待能有机会加入贵团队共同创造价值。
Python开发,13-18K,全职，要求3-5年，本科,知汇科技,广州,工作地点：广州-黄埔区-科学城,https://www.zhipin.com/job_detail/8cc0f7beedfb5a0b1nx82du8FVFY.html,boss,55,由于未提供具体简历内容，无法评估技能与经验匹配度，仅基于岗位基础要求给出预估分。,可以考虑,岗位信息明确，但缺乏候选人简历数据，建议补充简历后重新评估。,您好，我对知汇科技的Python开发岗位很感兴趣，具备相关技术背景，期待能补充简历并进一步沟通。
跨境电商+ERP+Python,8-12K,全职，要求3-5年，本科,广州赛达技术服务,广州,工作地点：广州-天河区-沙河,https://www.zhipin.com/job_detail/ccff8b724afa16370nF62t24GFFW.html,boss,50,由于您未提供具体的简历内容，无法评估您的 Python 技能、ERP 经验及工作年限与岗位的匹配度。薪资范围明确，但缺乏个人背景信息导致综合评分较低。,可以考虑,岗位薪资范围明确，但简历信息缺失，无法判断核心技能匹配度，建议补充简历后重新评估。,您好，我对跨境电商 ERP 开发岗位很感兴趣，具备 Python 开发经验，希望能有机会进一步沟通。
Python,50-60元/天,全职，要求经验不限，学历不限,裕程科技,广州,工作地点：广州-黄埔区-大沙,https://www.zhipin.com/job_detail/4c793e3f93b770671HJ-3tS6FFtS.html,boss,50,由于简历内容缺失，无法评估具体技能与经验的匹配度。岗位门槛较低（经验/学历不限），但薪资水平（50-60元/天）属于实习或兼职标准，与全职岗位通常的薪资预期存在较大差距。,可以考虑,岗位对经验要求不高，适合零经验者尝试，但薪资较低且简历信息缺失，建议补充简历后再评估。,您好，我对贵司Python岗位感兴趣，虽为应届生/转行，但学习能力强，可接受实习薪资，希望能获得面试机会。
Python,5-6K,全职，要求5-10年，硕士,广州启宏网络科技,广州,工作地点：广州-花都区-花山,https://www.zhipin.com/job_detail/089ce9fc44bf0ade0nB_09m4FlpR.html,boss,50,简历内容缺失，无法评估技能与经验匹配度。岗位薪资5-6K与5-10年经验要求存在较大落差，需警惕岗位定位。,可以考虑,因简历缺失无法准确评估，且薪资与经验要求不匹配，建议补充简历后重新评估。,您好，我对贵司Python岗位感兴趣。我有多年开发经验，熟悉相关技术栈，希望能进一步了解岗位具体职责与薪资结构。
金融量化编程师 Python Pine,50-150元/时,全职，要求经验不限，学历不限,福州鼓楼瑞宽信息...,广州,工作地点：广州-天河区-东圃,https://www.zhipin.com/job_detail/7940e2b00f25c00d03R439m_GFFU.html,boss,50,由于您未提供简历内容，无法评估具体技能与经验的匹配度。岗位对经验与学历无硬性要求，但薪资范围（50-150元/时）在广州地区属于中低水平，且量化编程岗位通常对专业背景有较高要求。,可以考虑,岗位门槛较低，适合入门尝试，但薪资竞争力一般，建议结合个人职业规划慎重考虑。,您好，我对量化编程方向很感兴趣，具备Python基础，希望能进一步了解该岗位的具体工作内容与成长路径。
Python程序开发,8-12K,全职，要求1-3年，大专,广州之音,广州,工作地点：广州-天河区-东圃,https://www.zhipin.com/job_detail/254f3ea3c5d3f96d0nZ83NW0GVpV.html,boss,50,由于您未提供简历内容，无法提取核心技能、工作年限及主要成就，因此各项匹配度均按基础评估。建议补充简历后重新分析。,可以考虑,岗位信息明确，但缺乏候选人简历信息，无法判断具体匹配度，建议补充简历后进一步评估。,您好，我对贵司Python开发岗位很感兴趣，目前简历信息待补充，希望能有机会进一步沟通并完善资料。
Python自动化测试,5-8K,全职，要求1-3年，本科,正穗软件,广州,工作地点：广州-天河区-东圃,https://www.zhipin.com/job_detail/04757082162fc5071nR_3t-7FFZT.html,boss,45,由于简历内容缺失，无法评估技能与经验匹配度。薪资期望未明确，无法判断是否在5-8K范围内。,可以考虑,因简历信息缺失，无法准确评估匹配度，建议补充完整简历后再行投递。,您好，我对贵司Python自动化测试岗位很感兴趣，具备相关测试经验，期待能进一步沟通。
Python,100-150元/天,全职，要求，本科,Hollyglobe,广州,工作地点：广州-海珠区-琶洲,https://www.zhipin.com/job_detail/54d2dc4972a453ea0nBy3t-0F1VX.html,boss,41,简历信息缺失导致技能与经验无法评估，薪资期望在岗位范围内（90分），发展前景中等（75分）。,可以考虑,薪资匹配但缺乏简历信息，建议补充简历后重新评估。,您好，我对Python开发岗位感兴趣，具备基础编程能力，期望薪资符合贵司范围，期待进一步沟通。
python开发实习生,3-5K,全职，要求1-3年，大专,青莲网络,广州,工作地点：广州-天河区-五山,https://www.zhipin.com/job_detail/bc07bdf038e73a7603Zz2Nq7FlFQ.html,boss,40,简历内容缺失，无法评估技能与经验匹配度。薪资期望未明确，但岗位薪资范围较宽泛，有一定匹配空间。,可以考虑,由于简历内容缺失，无法准确评估候选人能力，建议补充简历后再进行详细匹配分析。,您好，我对青莲网络的Python开发实习生岗位很感兴趣，具备相关技术基础，期待能有机会进一步沟通。
AI工程师（精通python和Java）,10-15K,全职，要求1-3年，本科,广州秒搭人工智能科技,广州,工作地点：广州-天河区-科学城,https://www.zhipin.com/job_detail/9f6f2c8106b36d290nBy2d-5GVpX.html,boss,40,简历内容缺失，无法评估技能与经验匹配度。薪资期望未明确，但岗位范围10-15K较为合理。,可以考虑,由于简历信息缺失，无法准确评估匹配度，建议补充简历后重新评估。,您好，我对贵司AI工程师岗位很感兴趣，具备Python和Java开发经验，期待进一步沟通。
python(深圳办公+双休+五险一金),10-15K,全职，要求1-3年，本科,软通动力,广州,工作地点：广州-黄埔区-大沙,https://www.zhipin.com/job_detail/cc518066cecc06280nZ60928E1VZ.html,boss,40,由于您未提供简历内容，无法评估技能与经验匹配度。薪资期望未明确，但岗位薪资范围10-15K较为合理，发展空间尚可。,可以考虑,因缺少简历信息，无法进行精准匹配。建议补充简历后重新评估，当前仅能基于岗位基本信息给出初步参考。,您好，我对贵司Python岗位很感兴趣，具备相关开发经验，希望能进一步沟通简历细节，期待您的回复。
Python 开发工程师,12-15K,全职，要求3-5年，本科,猪猪网,广州,工作地点：广州-天河区-东圃,https://www.zhipin.com/job_detail/6ceb54b651ed83130nBy3tm7ElpU.html,boss,40,由于您未提供简历内容，无法评估技能与经验的匹配度。岗位本身要求3-5年经验及本科学历，薪资范围12-15K，建议补充简历后重新评估。,可以考虑,因缺乏简历信息，无法判断具体匹配度，但岗位本身具备一定吸引力，建议补充简历后进一步沟通。,您好，我对贵司Python开发岗位很感兴趣，具备相关技术背景，希望能补充简历后与您进一步交流。
中级python后端开发工程师,10-15K,全职，要求1-3年，本科,从简智能科技,广州,工作地点：广州-天河区-猎德,https://www.zhipin.com/job_detail/8ac72ca5575a39a01HF43924E1RW.html,boss,40,由于您未提供具体的简历内容，无法评估技能与经验的匹配度。目前仅能基于岗位本身的发展前景进行预估，建议补充简历信息以获取更精准的评估。,可以考虑,因简历信息缺失，无法判断候选人是否满足1-3年经验及Python后端开发要求，建议补充简历后重新评估。,您好，我对贵司中级Python后端开发岗位很感兴趣，具备相关技术栈与项目经验，期待能有机会进一步沟通。
初级python开发工程师,10-15K,全职，要求1-3年，本科,广州绿慧智能科技,广州,工作地点：广州-南沙区-金洲,https://www.zhipin.com/job_detail/8e201927ef78d05803Fz3dq-GFRZ.html,boss,40,简历信息缺失导致技能与经验无法评估，薪资范围符合岗位区间但缺乏竞争力证明。,可以考虑,薪资期望在岗位范围内，但需补充完整简历以验证技术能力与项目经验。,您好，我对Python开发岗位感兴趣，具备基础编程能力并熟悉常用框架，期待能有机会展示学习潜力。
Python开发（金融行业假+全额公积金）,17-20K,全职，要求3-5年，本科,深德科,广州,工作地点：广州-海珠区-琶洲,https://www.zhipin.com/job_detail/ca82f32a49ae534c0nB909i5EFVR.html,boss,40,简历内容缺失，无法评估技能与经验匹配度。薪资期望未明确，但岗位薪资范围（17-20K）具备一定吸引力。,可以考虑,由于简历缺失，无法进行有效匹配，但岗位本身在金融行业且薪资合理，建议补充简历后重新评估。,您好，我对贵司Python开发岗位很感兴趣，具备金融行业相关经验，薪资期望在17-20K范围内，期待进一步沟通。
Python WEB工程师,4-8K,全职，要求经验不限，大专,优德,广州,工作地点：广州-海珠区-昌岗,https://www.zhipin.com/job_detail/5343a6d5f771c41e1Hd52d29FFc~.html,boss,40,由于您未提供简历内容，无法评估技能与经验的匹配度。岗位为初级Python WEB工程师，薪资范围4-8K，建议补充简历以便进行精准匹配分析。,可以考虑,岗位门槛较低（经验不限、大专），但缺乏简历信息导致无法判断具体匹配度，建议补充简历后重新评估。,您好，我对贵司Python WEB工程师岗位很感兴趣，具备相关技术基础，希望能有机会进一步沟通，谢谢！
python全栈开发,10-15K,全职，要求3-5年，本科,前鹰科技,广州,工作地点：广州-白云区-白云大道,https://www.zhipin.com/job_detail/6a46eeb7794ca4df0nF72tW6EFVT.html,boss,40,由于您未提供简历内容，无法评估技能匹配度和经验相关性，目前仅能基于岗位本身进行基础判断。,不推荐,缺少简历信息，无法进行有效的人岗匹配分析，建议补充简历后再进行评估。,您好，我对贵司Python全栈开发岗位很感兴趣，但当前未提供简历，烦请补充后进一步沟通，谢谢。
python在线兼职,2-3K,全职，要求1年以内，大专,明冬教育,广州,工作地点：广州-天河区-沙河,https://www.zhipin.com/job_detail/cbbb5ec206ac7db103V_3Nq-EFNU.html,boss,35,简历内容缺失，无法评估技能与经验匹配度。岗位薪资2-3K远低于市场水平，且为兼职性质，发展空间有限。,不推荐,薪资过低且简历信息缺失，无法证明匹配度，建议寻找更高薪资或全职岗位。,您好，我对贵司Python兼职岗位感兴趣，具备相关开发经验，希望能进一步了解具体工作内容与薪资结构。
python,20-30K,全职，要求3-5年，本科,广州冠玉科技有限公司,广州,工作地点：广州-白云区-三元里,https://www.zhipin.com/job_detail/7c8ed978527fba990nZ72N2_FFJZ.html,boss,31,简历信息缺失导致技能与经验无法评估，薪资范围部分匹配但缺乏具体数据支撑，Python岗位发展前景较好。,不推荐,关键简历信息缺失，无法有效评估匹配度，建议补充完整后再申请。,您好，我对Python开发岗位感兴趣，具备相关技术背景，期待进一步沟通。
Python,10-12K,全职，要求1-3年，本科,凌马高新科技,广州,工作地点：广州-荔湾区-西关,https://www.zhipin.com/job_detail/a7f9a20cb5dff0061XJ429q_EFZR.html,boss,30,由于您未提供简历内容，无法评估技能匹配度与经验相关性。薪资期望未明确，暂按岗位范围中位值评估。,可以考虑,因缺乏简历信息，无法判断具体匹配度，建议补充简历后重新评估。,您好，我对凌马高新科技的Python岗位很感兴趣，具备相关开发经验，期待能进一步沟通。
后端开发工程师（Python+Java）,5-6K,全职，要求1-3年，大专,乐阳智能,广州,工作地点：广州-番禺区-南村,https://www.zhipin.com/job_detail/f115fe17188fecf90nB42Nm5GVNW.html,boss,30,由于您未提供简历内容，无法评估技能与经验匹配度。薪资期望未明确，但岗位薪资范围较窄，建议确认是否符合预期。,可以考虑,因缺少简历信息，无法准确判断匹配度。若您的技能符合 Python/Java 后端开发要求，且薪资期望在 5-6K 范围内，可尝试投递。,您好，我对乐阳智能的后端开发岗位很感兴趣。我有 Python/Java 开发经验，熟悉后端架构，希望能有机会进一步沟通。
外企Java/Python/全栈-工作生活平衡双休,15-20K,全职，要求经验不限，大专,美国某大型人力资源服务公司,广州,工作地点：广州--,https://www.zhipin.com/job_detail/9fc6759589daa4690nV829y0GVpZ.html,boss,30,简历内容缺失，无法提取核心技能、工作年限及主要成就，导致无法评估技能与岗位要求的匹配度及经验相关性。,可以考虑,岗位门槛较低（经验不限、大专），且提供外企工作生活平衡环境，但需补充简历信息以确认具体匹配度。,您好，我对贵司外企Java/Python全栈岗位很感兴趣，该岗位双休且工作生活平衡，希望能有机会进一步沟通我的背景。
Python,15-16K,全职，要求1-3年，本科,红舟网络,广州,工作地点：广州-海珠区-赤岗,https://www.zhipin.com/job_detail/b5c2463f9e3035af1Hx63N-1EFBV.html,boss,30,由于您未提供具体的简历内容，无法评估技能与经验匹配度。岗位薪资范围明确，但缺乏候选人背景信息，导致综合评分较低。,不推荐,缺少简历信息，无法判断是否满足1-3年本科及Python开发要求，建议补充简历后再进行评估。,您好，我对红舟网络的Python岗位很感兴趣，具备相关开发经验，希望能进一步沟通，期待您的回复。
python高级工程师,5-8K,全职，要求在校/应届，中专/中技,广州泰斗技术,广州,工作地点：广州-白云区-京溪,https://www.zhipin.com/job_detail/7927840fd491257803xz39--EVZY.html,boss,28,岗位描述存在明显矛盾：职位为'高级工程师'但要求'在校/应届、中专/中技'，且薪资5-8K远低于市场水平。简历内容缺失，无法评估实际技能匹配度。,不推荐,岗位描述与职级严重不符，存在招聘陷阱风险，薪资过低且要求学历偏低，建议谨慎对待。,您好，注意到岗位描述中'高级工程师'与'应届/中专'要求存在矛盾，薪资也偏低。作为求职者，我希望能确认岗位真实职责与成长空间，期待您的回复。
python开发,11-16K,全职，要求1-3年，本科,软通动力,广州,工作地点：广州-天河区-棠下,https://www.zhipin.com/job_detail/425beec22ea428710nB_3N67ElRZ.html,boss,25,简历内容缺失，无法评估技能与经验匹配度。薪资期望未明确，但岗位范围11-16K较宽泛，有一定匹配空间。,不推荐,简历内容为空，无法进行有效评估，建议补充完整简历后再行投递。,您好，我对软通动力Python开发岗位很感兴趣，但简历信息待完善，希望能补充后进一步沟通，谢谢！
python工程师,9-12K,全职，要求1-3年，大专,天锐医健,广州,工作地点：广州-黄埔区-科学城,https://www.zhipin.com/job_detail/e674db6c3ca710161Xx72dy8E1ZV.html,boss,25,简历内容缺失，无法评估技能与经验匹配度。薪资期望未明确，但岗位范围清晰。,不推荐,由于简历内容缺失，无法进行有效评估，建议补充完整简历后再行投递。,您好，我对天锐医健的Python工程师岗位很感兴趣，目前简历信息待完善，期待与您进一步沟通。
Python开发工程师,10-15K,全职，要求1-3年，本科,广州九觅,广州,工作地点：广州-天河区-元岗,https://www.zhipin.com/job_detail/90106e07f2c88e4203Z429W6GFtW.html,boss,25,未提供简历内容，无法评估技能与经验匹配度。薪资期望未明确，需进一步确认。,可以考虑,因缺少简历信息，无法进行有效评估，建议补充简历后重新分析。,您好，我对贵司Python开发岗位很感兴趣，但简历信息尚未完善，希望能补充后进一步沟通。
python工程师,13-25K,全职，要求1-3年，本科,广州龙庭中古商贸,广州,工作地点：广州-增城区-凤凰城,https://www.zhipin.com/job_detail/01fd7f1eaebd9b2a0nZy3Nu-FVpY.html,boss,25,简历内容缺失，无法评估技能与经验匹配度，仅基于岗位薪资范围给予满分。,不推荐,由于简历内容为空，无法判断候选人是否满足1-3年经验及本科要求，建议补充简历后重新评估。,您好，我对贵司Python工程师岗位很感兴趣，拥有相关开发经验，期待能有机会进一步沟通。
H89322岗Python后端开发（双休稳定不加班）,12-17K,全职，要求经验不限，本科,武汉佰钧成技术,广州,工作地点：广州-越秀区-东风中路,https://www.zhipin.com/job_detail/5aa209e842947eec0nBy3tq8FFZV.html,boss,20,简历内容缺失，无法评估技能与经验匹配度。岗位本身对经验要求不高，但缺乏简历信息导致无法进行有效匹配。,不推荐,由于简历内容为空，无法判断候选人是否符合岗位要求，建议补充完整简历后再进行评估。,您好，我对贵司Python后端开发岗位很感兴趣，但简历信息尚不完整，期待补充后与您进一步沟通。
python+AI智能体讲师（双休+五险一金）,11-20K·13薪,全职，要求1-3年，大专,蜗牛学苑,广州,工作地点：广州-天河区-龙洞,https://www.zhipin.com/job_detail/85d62a4ef71cb6500nBz0t-6E1BZ.html,boss,20,未提供简历内容，无法评估技能与经验匹配度。薪资期望未明确，暂按岗位范围中位值估算。,不推荐,缺少简历信息，无法进行有效匹配评估，建议补充简历后重新分析。,您好，我对Python+AI智能体讲师岗位很感兴趣，具备相关技术背景与教学经验，期待进一步沟通。
python开发工程师,9-14K,全职，要求1-3年，大专,广州北景鑫城软件,广州,工作地点：广州-番禺区-祈福,https://www.zhipin.com/job_detail/2b2d38b2d489a9d403d929q9EVBZ.html,boss,20,简历内容为空，无法提取核心技能与工作经验，导致技能与经验匹配度极低。薪资期望未明确，无法判断是否在 9-14K 范围内。,不推荐,由于简历内容缺失，无法评估候选人资质，建议补充完整简历后再进行投递评估。,您好，我是一名 Python 开发工程师，对贵司岗位很感兴趣。目前简历信息待完善，期待与您进一步沟通我的技术栈与项目经验。
Python工程师,6-8K,全职，要求1-3年，大专,若宇网,广州,工作地点：广州-番禺区-南村,https://www.zhipin.com/job_detail/a5fa53ec1748e5621nVy29S8FVJR.html,boss,20,未提供简历内容，无法评估技能与经验匹配度。薪资期望未明确，但岗位薪资范围（6-8K）较清晰，建议补充简历后重新评估。,不推荐,由于缺少简历信息，无法判断候选人是否符合岗位要求，建议先补充简历内容。,您好，我对贵司Python工程师岗位很感兴趣，具备相关开发经验，薪资期望在6-8K范围内，期待进一步沟通。
Python,2-3K,全职，要求1年以内，大专,广州协方差科技,广州,工作地点：广州-白云区-黄石,https://www.zhipin.com/job_detail/e32bdbf1101ff46403dy3N2-EVFT.html,boss,20,简历内容为空，无法评估技能与经验匹配度。岗位薪资2-3K远低于广州Python开发市场平均水平，且要求1年经验，薪资与经验要求不匹配。,不推荐,简历缺失导致无法评估，且岗位薪资过低，不符合全职Python开发的市场行情。,您好，我注意到贵司招聘Python岗位，但我目前简历信息不全，建议补充详细项目经验后再沟通。
Python后端工程师,5-7K,全职，要求在校/应届，本科,广州寰宇未来智能技术,广州,工作地点：广州-番禺区-大学城,https://www.zhipin.com/job_detail/a8d9c5d0fec57c0703x_3dS7FVBT.html,boss,20,简历内容缺失，无法提取核心技能与经验，无法评估与Python后端工程师岗位的匹配度。,不推荐,由于简历内容为空，无法进行有效评估，建议补充完整简历后再行投递。,您好，我对贵司Python后端工程师岗位很感兴趣，但简历信息尚未完善，补充后可进一步沟通。
Python后端开发工程师,8-10K,全职，要求1-3年，本科,莫生气科技,广州,工作地点：广州-天河区-东圃,https://www.zhipin.com/job_detail/78e673ce179c497a0nd839u1FlJV.html,boss,20,简历内容缺失，无法评估技能与经验匹配度。薪资期望未明确，无法判断是否符合8-10K范围。,不推荐,简历内容为空，无法进行有效评估，建议补充完整简历后再行投递。,您好，我对贵司Python后端岗位很感兴趣，但简历信息尚未完善，希望能补充详细经历后进一步沟通。
AI应用开发工程师（Python方向）,20-40K,全职，要求3-5年，本科,云阁科技,广州,工作地点：广州-天河区-棠下,https://www.zhipin.com/job_detail/80908601c393b5f20nB_2du5E1NS.html,boss,20,简历内容缺失，无法评估技能匹配度与经验相关性。薪资范围明确，但候选人期望未知。,不推荐,简历内容缺失，无法进行有效匹配评估。,您好，我对贵司AI应用开发岗位很感兴趣，但简历内容尚未完善，希望能补充相关信息后进一步沟通。
python后端开发工程师,7-12K,全职，要求1-3年，本科,卧云数智,广州,工作地点：广州-天河区-猎德,https://www.zhipin.com/job_detail/40b84ad57a1e431e1HVz29u9EldV.html,boss,20,您提供的简历内容为空，无法提取核心技能、工作年限及主要成就，导致无法进行有效的技能与经验匹配度评估。,不推荐,由于缺少简历信息，无法判断候选人是否符合岗位要求，建议补充完整简历后再进行评估。,您好，我注意到贵司正在招聘Python后端开发工程师。目前我尚未上传简历，稍后会补充详细经历，期待有机会与您进一步沟通。
python开发工程师,100-110元/天,全职，要求，大专,米姆,广州,工作地点：广州-天河区-龙洞,https://www.zhipin.com/job_detail/a282935d8042b19b03d62Nq5EFdY.html,boss,20,简历内容为空，无法提取核心技能与工作经验，导致技能与经验匹配度为0。薪资方面，岗位日薪100-110元，属于基础岗位，薪资匹配度尚可。,不推荐,由于简历信息缺失，无法评估候选人是否具备Python开发能力，建议补充完整简历后再进行评估。,您好，我对贵司Python开发岗位很感兴趣，目前持有大专学历，具备相关开发基础，希望能有机会进一步沟通。
python后端开发工程师,15-22K,全职，要求3-5年，本科,杰纳医药,广州,工作地点：广州-黄埔区-科学城,https://www.zhipin.com/job_detail/77c9e20bc71d6c5903Z-3Ny5EFZS.html,boss,20,简历内容缺失，无法评估技能与经验匹配度。薪资期望未明确，无法判断是否在15-22K范围内。,不推荐,简历内容为空，无法进行有效匹配评估，建议补充完整简历后再行投递。,您好，我对贵司Python后端开发岗位很感兴趣，但简历信息尚不完整，希望能补充详细经历后进一步沟通。
Python,15-22K,全职，要求3-5年，本科,广州嘉为科技有限公司,广州,工作地点：广州-天河区-石牌,https://www.zhipin.com/job_detail/f1c79a5dd4b3ee590nR709-6F1FY.html,boss,20,未提供简历内容，无法评估技能匹配度与经验相关性。薪资范围符合岗位预期，但缺乏核心评估依据。,不推荐,由于简历内容缺失，无法进行有效的人岗匹配分析，建议补充简历后重新评估。,您好，我对贵司Python岗位很感兴趣，但简历信息尚未完善，希望能补充详细经历后与您进一步沟通。
Python,10-12K,全职，要求1-3年，本科,山东浪潮数字服务,广州,工作地点：广州-天河区-天河北,https://www.zhipin.com/job_detail/faac05f62115f7430ndz0ti-EFRY.html,boss,20,简历内容缺失，无法评估技能与经验匹配度。薪资期望未明确，但岗位薪资范围较清晰。,不推荐,简历内容为空，无法进行有效匹配评估，建议补充完整简历后再行投递。,您好，我对贵司Python岗位很感兴趣，但简历信息待完善，希望能补充详细项目经验后进一步沟通。
Python开发工程师,3-4K,全职，要求10年以上，博士,心潮无限,广州,工作地点：广州-番禺区-大石,https://www.zhipin.com/job_detail/bd9de4ad12ecb239031_2tq7FVJU.html,boss,15,简历内容缺失，无法评估技能与经验匹配度。岗位薪资（3-4K）与要求（10年以上经验、博士）严重不符，存在极大风险。,不推荐,薪资要求与岗位资质严重不匹配，极有可能是虚假招聘或陷阱，建议谨慎对待。,您好，注意到该岗位薪资与资质要求存在较大反差，请问是实习生岗位还是其他特殊情况？希望能进一步确认岗位详情。
后台开发工程师Go/python（AI产品）,30-50K·16薪,全职，要求1-3年，本科,深圳光魔科技有限公司,广州,工作地点：广州-天河区-东圃,https://www.zhipin.com/job_detail/48d885b090ef783b0nB92965E1pS.html,boss,15,简历内容缺失，无法评估技能与经验匹配度。薪资范围较宽泛，但缺乏具体期望值。,不推荐,简历内容为空，无法进行有效评估，建议补充完整简历后再行投递。,您好，我对贵司后台开发岗位很感兴趣，但简历内容尚未完善，希望能补充后进一步沟通。
python开发实习生,20-25元/时,全职，要求经验不限，学历不限,广州盈凯供应链,广州,工作地点：广州-白云区-嘉禾,https://www.zhipin.com/job_detail/0968050c637a612303Bz2d-6GFJY.html,boss,15,简历内容缺失，无法评估技能与经验匹配度。薪资期望未明确，无法判断是否符合岗位时薪范围。,不推荐,简历信息缺失，无法进行有效评估，建议补充完整简历后再行投递。,您好，我对贵司Python开发实习生岗位感兴趣，但简历信息待完善，希望能有机会进一步沟通。
Python,6-7K,全职，要求1-3年，学历不限,沃芙科技,广州,工作地点：广州-白云区-嘉禾,https://www.zhipin.com/job_detail/6e91d5a7e82bc3e51HFz3N-0EFZT.html,boss,10,您提供的简历内容为空，无法提取核心技能、工作年限及主要成就，导致无法评估与Python岗位的匹配度。,不推荐,由于简历内容缺失，无法判断候选人是否满足1-3年经验及Python开发技能要求，建议补充完整简历后再进行评估。,您好，我对沃芙科技的Python岗位很感兴趣。目前简历信息尚不完整，待补充详细项目经验与技能栈后，希望能与您进一步沟通。
Python开发工程师,4-6K,全职，要求经验不限，学历不限,拼填公式,广州,工作地点：广州-荔湾区-坑口,https://www.zhipin.com/job_detail/5b4aa6bedd40d5061nF809-7E1FT.html,boss,10,您未提供简历内容，无法评估技能与经验的匹配度。岗位薪资范围较低（4-6K），且对经验学历无要求，但缺乏简历信息导致无法进行有效匹配。,不推荐,由于简历内容缺失，无法判断候选人是否符合岗位需求，建议补充简历后再进行评估。,您好，我注意到贵司招聘Python开发工程师，但我目前尚未上传简历。希望能补充我的项目经验与技能详情，以便HR评估匹配度。
AI全栈开发工程师（Python/Node.js）,11-20K,全职，要求3-5年，本科,软通众擎,广州,工作地点：广州-海珠区-琶洲,https://www.zhipin.com/job_detail/3c7ac979a5c276430nB63NS5EFNS.html,boss,10,简历内容缺失，无法提取核心技能与工作年限，导致技能与经验匹配度极低。,不推荐,由于简历内容缺失，无法评估候选人是否符合岗位要求，建议补充完整简历后再行投递。,您好，我对贵司AI全栈开发岗位很感兴趣，但简历内容尚未完善，希望能补充后进一步沟通。
Python  AI开发,150-200元/天,全职，要求，本科,金扬化工,广州,工作地点：广州-白云区-嘉禾,https://www.zhipin.com/job_detail/9cc9a8fb28e1f9110nRy29y4EVJR.html,boss,10,简历内容为空，无法提取核心技能、工作年限及主要成就，导致无法评估与Python AI开发岗位的技能匹配度及经验相关性。,不推荐,由于简历信息缺失，无法判断候选人是否具备岗位所需的Python及AI开发能力，且薪资范围（150-200元/天）通常对应实习或初级岗位，需补充完整简历后再行评估。,您好，我注意到贵司正在招聘Python AI开发岗位。目前我简历信息尚不完整，稍后我会补充相关项目经验与技能细节，期待有机会进一步沟通。
python全栈开发工程师,5-6K,全职，要求1-3年，本科,广州物联网研究院,广州,工作地点：广州-南沙区-黄阁,https://www.zhipin.com/job_detail/bf991c78b093582c0nB53d68ElFY.html,boss,0,未提供简历内容，无法评估技能匹配度、经验相关性及其他维度。,不推荐,由于简历内容缺失，无法进行有效匹配分析，建议补充完整简历后重新评估。,您好，我对贵司Python全栈开发工程师岗位非常感兴趣，希望能补充简历信息后进一步沟通。
python实习生,150-200元/天,全职，要求，本科,致点信息科技,广州,工作地点：广州-黄埔区-鱼珠,https://www.zhipin.com/job_detail/86a6fa353f01597d0nRy39i1FFpV.html,boss,0,未提供简历内容，无法评估技能与经验匹配度。岗位为Python实习生，薪资范围明确，但缺乏候选人背景信息。,可以考虑,由于缺少简历信息，无法进行有效匹配评估。建议补充简历后重新分析。,您好，我对贵司Python实习生岗位很感兴趣，具备本科背景及Python基础，期待能有机会进一步沟通。
python自动化,12-14K,全职，要求5-10年，大专,正安集团,广州,工作地点：广州-荔湾区-东塱,https://www.zhipin.com/job_detail/7992aaac0c71813b0nF62Nm6E1FU.html,boss,0,您未提供简历内容，无法提取核心技能、工作年限及主要成就，因此无法进行匹配度分析。,不推荐,由于缺少简历信息，无法评估候选人是否符合岗位要求，建议补充简历后重新分析。,您好，我注意到贵司正在招聘Python自动化工程师，但我目前尚未上传简历。请问是否方便先沟通我的背景？
python全栈工程师,10-15K,全职，要求3-5年，大专,睿烨科技,广州,工作地点：广州-番禺区-石基,https://www.zhipin.com/job_detail/01799dff81ceb0aa03J_2tq6EVRV.html,boss,0,"

您好，我注意到您提供的输入中缺少了“简历内容”部分。

由于没有简历信息，我无法提取候选人的核心技能、工作年限、主要成就和求职意向，因此无法进行技能匹配度、经验相关性、薪资期望及发展前景的评估，也无法生成综合评分、匹配理由、推荐等级及个性化的投递招呼语。

请您补充完整的简历内容，我将立即为您进行详细的匹配度分析并输出 JSON 格式的结果。",可以考虑,AI 响应解析失败,您好，我对贵公司的python全栈工程师很感兴趣，希望能进一步沟通。
Python开发工程师,11-20K,全职，要求3-5年，大专,海颐软件,广州,工作地点：广州--,https://www.zhipin.com/job_detail/34d23df5b7a5794b0nBy2d66E1RT.html,boss,0,未提供简历内容，无法评估技能匹配度、经验相关性、薪资期望及发展前景。,不推荐,由于缺少简历信息，无法进行有效评估，建议补充简历后重新分析。,您好，我注意到贵司Python开发岗位需求，但当前未收到我的简历信息，烦请查收附件或后续补充，期待与您沟通。
python开发,15-25K,全职，要求经验不限，本科,某知名通信公司,广州,工作地点：广州--,https://www.zhipin.com/job_detail/4d6e3d7ae667dfac0nB43dW4E1RW.html,boss,0,未提供简历内容，无法提取核心技能、工作年限及主要成就，故无法进行有效匹配度分析。,无法评估,由于缺少简历信息，无法判断候选人是否符合岗位要求，建议补充简历后重新评估。,您好，我是商汤科技开发的日日新大模型助手。因您未提供简历内容，暂时无法为您生成个性化投递文案，请补充简历信息。
python开发工程师,6-8K,全职，要求1-3年，大专,小智科技,广州,工作地点：广州-白云区-永泰,https://www.zhipin.com/job_detail/df94d7296d79514603xy0ty0F1NX.html,boss,0,简历内容为空，无法评估技能与经验匹配度。薪资期望未明确，无法判断是否在岗位范围内。,不推荐,由于简历内容缺失，无法进行有效评估，建议补充完整简历后再行投递。,您好，我对贵司Python开发岗位很感兴趣，但简历内容尚未完善，希望能补充后进一步沟通，谢谢！
Python 爬虫开发工程师,6-8K,全职，要求在校/应届，本科,牛媒数据,广州,工作地点：广州-海珠区-赤岗,https://www.zhipin.com/job_detail/59849531fcd14e6a1n152Nq7F1NV.html,boss,0,您提供的简历内容为空，无法提取核心技能、工作年限及求职意向，因此无法进行有效匹配分析。,不推荐,由于简历内容缺失，无法评估候选人是否符合岗位要求，建议补充完整简历后再进行评估。,您好，我注意到您正在招聘 Python 爬虫开发工程师，但我目前尚未上传简历，希望能补充信息后进一步沟通。
Python（周末双休+线上1轮面试）,18-25K,全职，要求3-5年，本科,上海瑞应人才科技,广州,工作地点：广州-天河区-石牌,https://www.zhipin.com/job_detail/076decd210eae4650nB52dy_FlFU.html,boss,0,由于您未提供具体的简历内容，无法提取核心技能、工作年限及主要成就，因此无法进行有效的技能匹配度与经验相关性评估。,不推荐,缺少简历信息，无法判断候选人是否符合岗位要求的3-5年Python开发经验及本科学历，建议补充简历后重新评估。,您好，我对贵司Python开发岗位很感兴趣，但我尚未上传简历，稍后补充详细经历，期待与您沟通。
python,450-500元/时,全职，要求经验不限，学历不限,迈特互联,广州,工作地点：广州-番禺区-大石,https://www.zhipin.com/job_detail/f01cf7e91705f3941HJ80tm5F1NQ.html,boss,0,您未提供简历内容，无法提取核心技能、工作年限及主要成就，因此无法评估与Python岗位的技能匹配度及经验相关性。,不推荐,由于简历内容为空，无法进行任何有效匹配分析，建议补充完整简历后再进行评估。,您好，我是一名Python开发者，对迈特互联的岗位很感兴趣。目前简历信息待完善，希望能有机会进一步沟通。
机器学习【python+预测】,15-19K,全职，要求3-5年，本科,建广数科,广州,工作地点：广州-番禺区-市桥,https://www.zhipin.com/job_detail/6e383d9582770bb40nBy2d-_FlNR.html,boss,0,未提供简历内容，无法提取核心技能、工作年限及主要成就，无法进行有效匹配分析。,不推荐,由于缺少简历信息，无法评估候选人是否符合岗位要求，建议补充简历后再进行评估。,您好，我仔细阅读了贵司机器学习岗位的描述，但因简历信息缺失，暂无法展示匹配亮点，期待补充信息后进一步沟通。
python开发工程师,8-12K,全职，要求3-5年，大专,共享有伞,广州,工作地点：广州--,https://www.zhipin.com/job_detail/84c2144760396a300nV929S5FFJX.html,boss,0,未提供简历内容，无法提取核心技能、工作年限及主要成就，无法进行有效匹配度分析。,不推荐,由于简历内容缺失，无法评估候选人是否符合岗位要求的3-5年经验及大专学历，建议补充简历后再行评估。,您好，我对贵司Python开发岗位很感兴趣，但我目前尚未上传详细简历，希望能先与您沟通了解岗位具体需求。
python后端开发工程师（周末双休）,9-14K,全职，要求1-3年，本科,运捷迅,广州,工作地点：广州-白云区-机场路,https://www.zhipin.com/job_detail/eeb0718311862d9c0nBz2dm0EVZW.html,boss,0,您未提供简历内容，无法评估技能匹配度、经验相关性及其他维度。,无法评估,缺少简历信息，无法进行有效匹配分析。,您好，我注意到贵司正在招聘Python后端开发工程师，但我尚未提供简历，请补充简历信息以便我为您评估匹配度。
Python中级研发工程师,15-20K,全职，要求3-5年，本科,广州市全域数字化技术,广州,工作地点：广州-番禺区-市桥,https://www.zhipin.com/job_detail/9eae4d37e2a07c3c03J_3Ni0E1JT.html,boss,0,未提供简历内容，无法提取核心技能、工作年限及主要成就，无法评估与Python中级研发工程师岗位的匹配度。,不推荐,由于简历内容为空，无法判断候选人是否满足3-5年经验及本科等硬性要求，建议补充完整简历后再进行评估。,您好，我对贵司Python中级研发工程师岗位非常感兴趣，具备扎实的Python开发基础，期待能有机会进一步沟通。
python后端开发工程师,8-10K,全职，要求3-5年，大专,品推科技,广州,工作地点：广州-番禺区-市桥,https://www.zhipin.com/job_detail/6b6d34b54ba48bcb1XB93Nu0GVJY.html,boss,0,未提供简历内容，无法评估技能匹配度、经验相关性、薪资期望及发展前景。,不推荐,缺少简历信息，无法进行有效评估，建议补充简历后重新分析。,您好，我注意到贵司正在招聘Python后端开发工程师，但我尚未看到您的简历信息。若能提供您的工作经历与技能亮点，我将很乐意为您做更精准的匹配分析。
Python,10-15K,全职，要求5-10年，本科,飞时,广州,工作地点：广州--,https://www.zhipin.com/job_detail/b8e4be5ae4bae6133nJz3tW6F1Q~.html,boss,0,简历内容缺失，无法提取核心技能、工作年限及主要成就，导致无法进行有效匹配评估。,不推荐,因简历内容未提供，无法判断候选人是否符合岗位5-10年经验及Python技能要求，建议补充完整简历后再进行评估。,您好，我注意到贵司正在招聘Python开发岗位，但我目前的简历信息尚未完善，希望能补充完整后与您进一步沟通。
（Python）后端开发工程师,15-25K,全职，要求3-5年，本科,广州寰越创新技术,广州,工作地点：广州-南沙区-东涌,https://www.zhipin.com/job_detail/e986ff3cd592b9350nZ_3NS0E1FR.html,boss,0,您未提供简历内容，无法评估技能与经验的匹配度。请补充您的工作经历、技术栈及项目成果，以便我为您进行精准分析。,不推荐,由于缺少简历信息，无法判断候选人是否符合岗位要求，建议补充简历后重新评估。,您好，我对贵司 Python 后端开发岗位很感兴趣，拥有 3-5 年开发经验，熟悉相关技术栈，期待进一步沟通。
python,10-15K,全职，要求1-3年，本科,广连软件,广州,工作地点：广州-天河区-车陂,https://www.zhipin.com/job_detail/2d979e06cc04c55f0nZ42d27E1ZY.html,boss,0,您提供的简历内容为空，无法提取核心技能、工作年限及主要成就，因此无法进行有效的匹配度分析。,不推荐,由于缺少简历信息，无法评估候选人是否符合岗位要求，建议补充简历后重新分析。,您好，我注意到您发布的Python岗位，但我这边暂未提供简历信息，请问是否需要我补充相关经历以便进一步沟通？
Python,13-17K,全职，要求3-5年，本科,远通信德,广州,工作地点：广州-黄埔区-大沙,https://www.zhipin.com/job_detail/0c856cb555fd4db70nB-29i0GVdV.html,boss,0,未提供简历内容，无法评估技能、经验及薪资匹配度。,无法评估,缺少简历信息，无法进行有效匹配分析。,您好，我注意到贵司正在招聘Python工程师，但我尚未提供简历。请补充简历内容，以便我为您评估匹配度并生成投递建议。
兼职——AI+Python开发工程师,10-15K,全职，要求3-5年，本科,魔方网表,广州,工作地点：广州-海珠区-江南大道,https://www.zhipin.com/job_detail/bdc92f6d2f27bae703R83t69FVVX.html,boss,0,未提供简历内容，无法评估技能与经验匹配度。,不推荐,岗位描述存在矛盾（标题为兼职，要求为全职），且未提供简历信息，无法进行有效匹配。,您好，我对贵司AI+Python开发岗位感兴趣，但注意到职位描述中兼职与全职要求存在冲突，希望能进一步确认岗位性质。
Python高级开发工程师,12-24K,全职，要求5-10年，本科,玄道科技,广州,工作地点：广州-番禺区-广州南站,https://www.zhipin.com/job_detail/cf03416deb08329a33182t-0EVU~.html,boss,0,您提供的简历内容为空，无法提取核心技能、工作年限及主要成就，因此无法评估与Python高级开发工程师岗位的匹配度。,不推荐,由于简历信息缺失，无法进行有效的人岗匹配分析，建议补充完整简历后再进行评估。,您好，我注意到贵司正在招聘Python高级开发工程师，但我目前尚未提供详细简历。希望能补充我的项目经验与技能栈，以便HR评估匹配度。
python淘宝京东高级开发工程师,20-26K·13薪,全职，要求1-3年，硕士,周口东柳文化传媒,广州,工作地点：广州-番禺区-大石,https://www.zhipin.com/job_detail/2b5980d5d89a9aaf03Nz3Nm-EFVS.html,boss,0,您未提供简历内容，无法提取核心技能、工作年限及主要成就，因此无法进行有效的匹配度分析。,不推荐,由于缺少简历信息，无法评估候选人是否符合岗位要求的1-3年经验及硕士学历，建议补充简历后重新分析。,您好，我对贵司Python高级开发岗位很感兴趣，但简历内容尚未完善，希望能补充详细信息后进一步沟通。
python后端开发工程师,11-18K,全职，要求3-5年，大专,八维擎天,广州,工作地点：广州-天河区-东圃,https://www.zhipin.com/job_detail/0685d2f713ad346c0nR529u8EFtW.html,boss,0,您提供的简历内容为空，无法提取核心技能、工作年限及主要成就，因此无法进行有效的匹配度分析。,不推荐,由于缺少简历信息，无法判断候选人是否符合岗位要求，建议补充完整简历后再进行评估。,您好，我注意到贵司正在招聘Python后端开发工程师，但我目前尚未上传简历，希望能补充相关信息后进一步沟通。
python后端开发（接受转语言）,15-30K·17薪,全职，要求1-3年，本科,LesPark,广州,工作地点：广州-天河区-沙河,https://www.zhipin.com/job_detail/2f8a98f87d1ec9310nBy29W1GFFR.html,boss,0,未提供简历内容，无法评估技能与经验匹配度。薪资范围15-30K·17薪较宽泛，默认匹配。,可以考虑,因缺少简历信息，无法进行有效匹配分析，建议补充简历后重新评估。,您好，我对贵司Python后端开发岗位很感兴趣，具备相关技术栈和1-3年开发经验，期待进一步沟通。
Python游戏开发工程师（包餐/双休）,9-12K·15薪,全职，要求1-3年，本科,红石创想,广州,工作地点：广州-天河区-车陂,https://www.zhipin.com/job_detail/e3d64b45ddb112f00ndz2tm9E1tV.html,boss,0,未提供简历内容，无法提取核心技能、工作年限及主要成就，无法进行有效匹配分析。,不推荐,由于简历内容缺失，无法评估候选人是否符合岗位要求，建议补充完整简历后再行投递。,您好，我注意到贵司招聘Python游戏开发工程师，但我目前简历信息尚未完善，希望能补充完整后与您进一步沟通。
python后端开发工程师,13-25K,全职，要求经验不限，学历不限,衣神科技,广州,工作地点：广州-天河区-时尚天河,https://www.zhipin.com/job_detail/289b774057abd12f1nxy09W7GFNY.html,boss,0,未提供简历内容，无法评估技能匹配度、经验相关性及其他维度。,不推荐,缺少简历信息，无法进行有效匹配分析。,您好，我注意到贵司正在招聘Python后端开发工程师，但我尚未提供简历，请您补充简历信息以便我为您做详细匹配分析。
python后端开发工程师,12-20K,全职，要求1-3年，大专,途南贸易,广州,工作地点：广州-海珠区-琶洲,https://www.zhipin.com/job_detail/e71ecf52010489761HJ63NS8FFpT.html,boss,0,您未提供简历内容，无法提取核心技能、工作年限及主要成就，因此无法评估与Python后端开发工程师岗位的匹配度。,不推荐,由于缺少简历信息，无法判断候选人是否符合1-3年经验及大专学历要求，建议补充简历后重新评估。,您好，我是应聘Python后端开发工程师的候选人，具备相关技术栈与项目经验，期待能有机会与您进一步沟通。
python,13-18K,全职，要求3-5年，本科,京北方,广州,工作地点：广州-白云区-机场路,https://www.zhipin.com/job_detail/27e3b3b120bffbd31HN429y9FVRV.html,boss,0,未提供简历内容，无法评估技能匹配度、经验相关性、薪资期望及发展前景。,不推荐,缺少简历信息，无法进行有效匹配分析。,您好，我对京北方Python岗位很感兴趣，但简历信息尚未完善，期待补充后进一步沟通。
Python开发工程师（兼职）,7-8K,全职，要求1-3年，大专,殷赋科技,广州,工作地点：广州-番禺区-钟村,https://www.zhipin.com/job_detail/d1d5e23c5d065ca903B70tu0GFU~.html,boss,0,未提供简历内容，无法评估技能与经验匹配度。岗位描述存在矛盾（标题为兼职，要求中却写全职），且薪资范围偏低，需进一步确认信息。,不推荐,简历信息缺失，无法进行有效评估。岗位描述中兼职与全职要求冲突，且薪资水平在广州地区竞争力较弱。,您好，我对贵司Python开发岗位感兴趣，但注意到职位描述中兼职与全职要求存在矛盾，希望能进一步沟通确认具体需求。
python开发工程师,10-12K,全职，要求3-5年，本科,伽睿,广州,工作地点：广州-天河区-石牌,https://www.zhipin.com/job_detail/c636e2ec1319153503N709y5FFNZ.html,boss,0,未提供简历内容，无法评估技能与经验匹配度。薪资期望未明确，假设在10-12K范围内。,不推荐,缺少简历信息，无法进行有效匹配分析，建议补充简历后再评估。,您好，我对贵司Python开发岗位很感兴趣，具备相关开发经验，希望能进一步沟通，谢谢！
Python后端工程师,5-10K,全职，要求1-3年，本科,广州华安,广州,工作地点：广州-天河区-珠江新城,https://www.zhipin.com/job_detail/ce008c43f637b93b1nF43Nu0FFFU.html,boss,0,您未提供具体的简历内容，无法提取核心技能、工作年限及主要成就，因此无法进行有效的匹配度分析。,不推荐,由于缺少简历信息，无法评估候选人是否符合岗位要求，建议补充简历后再进行投递分析。,您好，我是一名Python后端工程师，对贵司岗位非常感兴趣。由于简历内容尚未完善，希望能补充详细经历后与您进一步沟通。
AI Agent(Python)应用技术后端,25-50K,全职，要求3-5年，本科,北京超数智能科技,广州,工作地点：广州-海珠区-凤阳,https://www.zhipin.com/job_detail/37949b5a429374f90nR_2dq9FVRV.html,boss,0,简历内容为空，无法提取核心技能、工作年限及主要成就，无法评估与AI Agent后端岗位的匹配度。,不推荐,由于未提供简历信息，无法进行有效的人岗匹配分析，建议补充完整简历后再进行评估。,您好，我对贵司AI Agent后端岗位非常感兴趣，但因简历信息缺失，无法展示我的Python开发经验与项目成果，期待补充后与您沟通。
软件开发工程师（Java与Python）,7-10K,全职，要求1-3年，学历不限,恒晓信息,广州,工作地点：广州-天河区-黄村,https://www.zhipin.com/job_detail/acba7d35d5b61c370nR82dq6FlRQ.html,boss,0,您提供的简历内容为空，无法提取核心技能、工作年限及主要成就，因此无法评估与Java/Python开发岗位的匹配度。,不推荐,由于简历信息缺失，无法进行有效的人岗匹配分析，建议补充完整简历后再进行评估。,您好，我注意到贵司正在招聘Java与Python开发工程师。目前我尚未上传详细简历，稍后我会补充完整经历，期待能有机会与您沟通。
python全栈工程师（AI Agent）,20-30K,全职，要求5-10年，本科,四一技术,广州,工作地点：广州-荔湾区-龙溪,https://www.zhipin.com/job_detail/f7ff3afcbda4e0650nB92d-0F1dY.html,boss,0,您未提供简历内容，无法提取核心技能、工作年限及主要成就，因此无法评估与Python全栈工程师（AI Agent）岗位的匹配度。,不推荐,由于缺少简历信息，无法进行有效评估，建议补充简历后重新分析。,您好，我对贵司Python全栈工程师（AI Agent）岗位非常感兴趣，但简历内容尚未完善，期待补充后与您进一步沟通。
产品经理（python爬虫工程师）,7-12K,全职，要求经验不限，学历不限,广州阖盛贸易有限公司,广州,工作地点：广州-白云区-永泰,https://www.zhipin.com/job_detail/400d8638d8e0cd421XN72t68EVNX.html,boss,0,未提供简历内容，无法提取核心技能、工作年限及主要成就，无法评估与岗位要求的匹配度。,不推荐,由于缺少简历信息，无法判断候选人是否具备 Python 爬虫或产品经理相关能力，建议补充简历后再进行评估。,您好，我对贵司产品经理（Python 爬虫）岗位非常感兴趣，但我尚未上传简历，希望能补充简历后与您进一步沟通。
Python 开发工程师（影刀RPA/跨境电商）,8-13K,全职，要求3-5年，本科,方蔚贸易有限公司,广州,工作地点：广州-白云区-京溪,https://www.zhipin.com/job_detail/0d73751e4ee258b80nV40tq-EFdY.html,boss,0,您未提供简历内容，无法提取核心技能、工作年限及主要成就，因此无法评估与 Python 开发工程师岗位的匹配度。,不推荐,由于缺少简历信息，无法判断候选人是否符合 3-5 年经验及本科要求，建议补充简历后再进行评估。,您好，我对贵司 Python 开发工程师岗位很感兴趣，但简历内容尚未完善，补充后可进一步沟通我的 RPA 及开发经验。
python后端开发工程师,16-30K,全职，要求3-5年，本科,知其安科技,广州,工作地点：广州-海珠区-江南大道,https://www.zhipin.com/job_detail/682b156a8b77cc2603N43Nq5EFdY.html,boss,0,未提供简历内容，无法评估技能匹配度、经验相关性、薪资期望及发展前景。,不推荐,缺少简历信息，无法进行有效匹配分析。,您好，我是一名Python后端开发工程师，对贵司的岗位很感兴趣，期待进一步沟通。
Python 全栈开发,10-15K,全职，要求3-5年，本科,RAXEN.CO,广州,工作地点：广州-海珠区-赤岗,https://www.zhipin.com/job_detail/77a711307a6e12810XZ_3dW0FlE~.html,boss,0,您未提供简历内容，无法提取核心技能、工作年限及主要成就，因此无法进行有效的匹配度分析。,可以考虑,由于缺少简历信息，无法判断候选人是否满足3-5年经验及本科要求，建议补充简历后重新评估。,您好，我对贵司Python全栈开发岗位很感兴趣。我有相关开发经验，希望能有机会进一步沟通，期待您的回复。
Python讲师（线上居家办公）,11-15K,全职，要求经验不限，本科,成都燃点未来教育咨询,广州,工作地点：广州-天河区-东圃,https://www.zhipin.com/job_detail/b632e73810c8e6bd03152tq-EFJZ.html,boss,0,未提供简历内容，无法评估技能匹配度、经验相关性及其他维度。,不推荐,缺少简历信息，无法进行有效匹配分析。,您好，我注意到贵司招聘Python讲师岗位，但您未提供简历内容。请补充简历以便我为您进行精准匹配分析。
后端开发工程师（Python方向）,12-18K·13薪,全职，要求3-5年，本科,引力波信息科技,广州,工作地点：广州-番禺区-汉溪,https://www.zhipin.com/job_detail/0672acdd207de70a0nR829y-FVZV.html,boss,0,未提供简历内容，无法评估技能与经验匹配度。岗位本身为后端开发，发展前景良好。,可以考虑,由于缺少简历信息，无法进行有效匹配。建议补充简历后重新评估。,您好，我对贵司后端开发岗位很感兴趣，具备相关技术栈与项目经验，期待能进一步沟通。
python开发（RPA维护）工程师,15-20K,全职，要求1-3年，本科,省事熊,广州,工作地点：广州-黄埔区-科学城,https://www.zhipin.com/job_detail/aa004176efb1c78a1XF639W-EVdU.html,boss,0,未提供简历内容，无法评估技能与经验匹配度。岗位为RPA维护工程师，需Python基础及自动化流程维护经验。,不推荐,由于缺少简历信息，无法进行有效匹配分析，建议补充简历后重新评估。,您好，我对贵司RPA维护工程师岗位很感兴趣，具备Python开发基础，希望能进一步沟通我的匹配度。
Python,8-10K,全职，要求1-3年，本科,暄云信息,广州,工作地点：广州-番禺区-洛溪,https://www.zhipin.com/job_detail/0bfc65df67c87d800nR73ty5FFRU.html,boss,0,您未提供简历内容，无法评估技能匹配度和经验相关性。薪资范围已知（8-10K），但候选人期望未明确。,不推荐,由于缺少简历信息，无法进行有效匹配，建议补充简历后重新评估。,您好，我对贵司Python岗位很感兴趣，但简历信息尚未完善，期待能补充详细经历后进一步沟通。
python工程师,12-20K·13薪,全职，要求1-3年，本科,广州广颖创网络科...,广州,工作地点：广州-天河区-燕岭,https://www.zhipin.com/job_detail/30a3817c0000b96b1HR42960ElVW.html,boss,0,未提供简历内容，无法评估技能匹配度、经验相关性、薪资期望及发展前景。,不推荐,因缺少简历信息，无法进行有效匹配分析，建议补充简历后重新评估。,您好，我对贵司Python工程师岗位非常感兴趣，具备相关开发经验，期待能有机会进一步沟通。
python后端开发工程师,15-20K·13薪,全职，要求5-10年，本科,HyperAI,广州,工作地点：广州-黄埔区-大沙,https://www.zhipin.com/job_detail/b5002a3b704856201HV90tW7F1VZ.html,boss,0,您未提供简历内容，无法提取核心技能、工作年限及主要成就，因此无法进行有效的匹配度分析。,不推荐,由于缺少简历信息，无法判断候选人是否符合5-10年经验及本科背景等硬性要求。,您好，我对HyperAI的Python后端岗位很感兴趣。由于您未提供简历，请补充您的技术栈与项目经验，以便我为您做精准匹配评估。
python开发工程师,8-13K,全职，要求1-3年，本科,广东联网售票,广州,工作地点：广州-越秀区-北京路,https://www.zhipin.com/job_detail/ee5d9be66bc851700nZ53t-6EVtW.html,boss,0,您未提供简历内容，无法评估技能匹配度、经验相关性及其他维度。请补充简历信息以便进行准确分析。,无法评估,由于缺少简历内容，无法判断候选人是否符合岗位要求，建议补充简历后重新评估。,您好，我是一名Python开发工程师，对贵司岗位很感兴趣。因简历内容缺失，暂无法提供详细匹配分析，期待您补充简历后进一步沟通。
